image,true_class,predicted_class,confidence,correct
_0_1794.jpeg,Eosinophil,Neutrophil,0.7318,0
_0_187.jpeg,Eosinophil,Neutrophil,0.6862,0
_0_2183.jpeg,Eosinophil,Eosinophil,0.9598,1
_0_2313.jpeg,Eosinophil,Eosinophil,0.9564,1
_0_2498.jpeg,Eosinophil,Eosinophil,0.9269,1
_0_2634.jpeg,Eosinophil,Eosinophil,0.581,1
_0_2963.jpeg,Eosinophil,Eosinophil,0.9314,1
_0_3809.jpeg,Eosinophil,Eosinophil,0.9251,1
_0_4055.jpeg,Eosinophil,Eosinophil,0.9485,1
_0_4130.jpeg,Eosinophil,Eosinophil,0.9653,1
_0_5709.jpeg,Eosinophil,Eosinophil,0.6945,1
_0_586.jpeg,Eosinophil,Neutrophil,0.9596,0
_0_5988.jpeg,Eosinophil,Eosinophil,0.9625,1
_0_6243.jpeg,Eosinophil,Eosinophil,0.913,1
_0_6878.jpeg,Eosinophil,Eosinophil,0.9585,1
_0_737.jpeg,Eosinophil,Eosinophil,0.6454,1
_0_7604.jpeg,Eosinophil,Eosinophil,0.9463,1
_0_7764.jpeg,Eosinophil,Eosinophil,0.9522,1
_0_7845.jpeg,Eosinophil,Eosinophil,0.9584,1
_0_8201.jpeg,Eosinophil,Eosinophil,0.8884,1
_0_8222.jpeg,Eosinophil,Neutrophil,0.7147,0
_0_8473.jpeg,Eosinophil,Eosinophil,0.9545,1
_0_852.jpeg,Eosinophil,Eosinophil,0.7226,1
_0_8718.jpeg,Eosinophil,Neutrophil,0.7684,0
_0_8829.jpeg,Eosinophil,Eosinophil,0.9723,1
_0_967.jpeg,Eosinophil,Eosinophil,0.9409,1
_0_9763.jpeg,Eosinophil,Eosinophil,0.9782,1
_10_1626.jpeg,Eosinophil,Neutrophil,0.799,0
_10_2897.jpeg,Eosinophil,Eosinophil,0.733,1
_10_2988.jpeg,Eosinophil,Eosinophil,0.6924,1
_10_3363.jpeg,Eosinophil,Eosinophil,0.9777,1
_10_3818.jpeg,Eosinophil,Neutrophil,0.9631,0
_10_4616.jpeg,Eosinophil,Neutrophil,0.7937,0
_10_5177.jpeg,Eosinophil,Neutrophil,0.9673,0
_10_5693.jpeg,Eosinophil,Eosinophil,0.9543,1
_10_6324.jpeg,Eosinophil,Eosinophil,0.5859,1
_10_6506.jpeg,Eosinophil,Neutrophil,0.9678,0
_10_6756.jpeg,Eosinophil,Eosinophil,0.7901,1
_10_6766.jpeg,Eosinophil,Eosinophil,0.9569,1
_10_6787.jpeg,Eosinophil,Eosinophil,0.9261,1
_10_7018.jpeg,Eosinophil,Eosinophil,0.9718,1
_10_7467.jpeg,Eosinophil,Eosinophil,0.9702,1
_10_7876.jpeg,Eosinophil,Eosinophil,0.9637,1
_10_7976.jpeg,Eosinophil,Eosinophil,0.6057,1
_10_8861.jpeg,Eosinophil,Neutrophil,0.9674,0
_10_8882.jpeg,Eosinophil,Neutrophil,0.9571,0
_10_9014.jpeg,Eosinophil,Eosinophil,0.6543,1
_10_9112.jpeg,Eosinophil,Neutrophil,0.9527,0
_11_1034.jpeg,Eosinophil,Eosinophil,0.9503,1
_11_148.jpeg,Eosinophil,Eosinophil,0.9033,1
_11_3152.jpeg,Eosinophil,Neutrophil,0.9603,0
_11_3170.jpeg,Eosinophil,Eosinophil,0.7883,1
_11_3319.jpeg,Eosinophil,Eosinophil,0.9685,1
_11_3607.jpeg,Eosinophil,Eosinophil,0.9469,1
_11_3812.jpeg,Eosinophil,Eosinophil,0.4444,1
_11_4829.jpeg,Eosinophil,Eosinophil,0.9089,1
_11_5512.jpeg,Eosinophil,Eosinophil,0.938,1
_11_5530.jpeg,Eosinophil,Neutrophil,0.8335,0
_11_573.jpeg,Eosinophil,Eosinophil,0.9424,1
_11_6509.jpeg,Eosinophil,Eosinophil,0.9663,1
_11_6693.jpeg,Eosinophil,Eosinophil,0.9577,1
_11_6757.jpeg,Eosinophil,Neutrophil,0.4542,0
_11_6857.jpeg,Eosinophil,Eosinophil,0.9718,1
_11_709.jpeg,Eosinophil,Eosinophil,0.9482,1
_11_7189.jpeg,Eosinophil,Eosinophil,0.9592,1
_11_7296.jpeg,Eosinophil,Neutrophil,0.967,0
_11_755.jpeg,Eosinophil,Eosinophil,0.9232,1
_11_7653.jpeg,Eosinophil,Eosinophil,0.4765,1
_11_8636.jpeg,Eosinophil,Neutrophil,0.968,0
_11_9385.jpeg,Eosinophil,Eosinophil,0.7626,1
_11_942.jpeg,Eosinophil,Neutrophil,0.8791,0
_11_9497.jpeg,Eosinophil,Eosinophil,0.747,1
_11_9684.jpeg,Eosinophil,Eosinophil,0.9397,1
_11_9786.jpeg,Eosinophil,Eosinophil,0.6638,1
_11_9887.jpeg,Eosinophil,Neutrophil,0.5045,0
_12_1091.jpeg,Eosinophil,Eosinophil,0.9752,1
_12_1372.jpeg,Eosinophil,Neutrophil,0.7386,0
_12_1554.jpeg,Eosinophil,Eosinophil,0.9264,1
_12_2342.jpeg,Eosinophil,Eosinophil,0.9534,1
_12_2378.jpeg,Eosinophil,Eosinophil,0.7019,1
_12_2782.jpeg,Eosinophil,Neutrophil,0.6766,0
_12_3238.jpeg,Eosinophil,Neutrophil,0.9604,0
_12_4205.jpeg,Eosinophil,Eosinophil,0.6184,1
_12_6466.jpeg,Eosinophil,Eosinophil,0.9559,1
_12_6605.jpeg,Eosinophil,Eosinophil,0.9645,1
_12_7159.jpeg,Eosinophil,Eosinophil,0.8861,1
_12_7544.jpeg,Eosinophil,Neutrophil,0.6549,0
_12_7634.jpeg,Eosinophil,Eosinophil,0.6612,1
_12_7914.jpeg,Eosinophil,Neutrophil,0.8076,0
_12_8639.jpeg,Eosinophil,Eosinophil,0.9579,1
_12_8657.jpeg,Eosinophil,Eosinophil,0.7983,1
_12_8668.jpeg,Eosinophil,Neutrophil,0.7965,0
_12_8776.jpeg,Eosinophil,Eosinophil,0.7115,1
_12_9759.jpeg,Eosinophil,Eosinophil,0.9482,1
_12_9974.jpeg,Eosinophil,Eosinophil,0.8931,1
_1_1414.jpeg,Eosinophil,Eosinophil,0.9532,1
_1_1484.jpeg,Eosinophil,Eosinophil,0.544,1
_1_16.jpeg,Eosinophil,Eosinophil,0.9585,1
_1_1668.jpeg,Eosinophil,Eosinophil,0.5098,1
_1_2090.jpeg,Eosinophil,Eosinophil,0.7712,1
_1_2292.jpeg,Eosinophil,Eosinophil,0.9638,1
_1_2525.jpeg,Eosinophil,Eosinophil,0.9238,1
_1_3150.jpeg,Eosinophil,Eosinophil,0.8673,1
_1_3504.jpeg,Eosinophil,Neutrophil,0.6371,0
_1_3837.jpeg,Eosinophil,Eosinophil,0.9577,1
_1_4100.jpeg,Eosinophil,Eosinophil,0.5592,1
_1_4526.jpeg,Eosinophil,Eosinophil,0.6198,1
_1_4770.jpeg,Eosinophil,Eosinophil,0.9693,1
_1_4966.jpeg,Eosinophil,Neutrophil,0.5094,0
_1_5389.jpeg,Eosinophil,Eosinophil,0.9744,1
_1_5434.jpeg,Eosinophil,Eosinophil,0.7174,1
_1_5497.jpeg,Eosinophil,Eosinophil,0.9634,1
_1_6095.jpeg,Eosinophil,Neutrophil,0.9832,0
_1_6667.jpeg,Eosinophil,Eosinophil,0.8184,1
_1_673.jpeg,Eosinophil,Neutrophil,0.5782,0
_1_7704.jpeg,Eosinophil,Eosinophil,0.9519,1
_1_7860.jpeg,Eosinophil,Neutrophil,0.6892,0
_1_8105.jpeg,Eosinophil,Eosinophil,0.929,1
_1_84.jpeg,Eosinophil,Eosinophil,0.9316,1
_1_8803.jpeg,Eosinophil,Neutrophil,0.6202,0
_1_8960.jpeg,Eosinophil,Eosinophil,0.9621,1
_1_9496.jpeg,Eosinophil,Eosinophil,0.9735,1
_1_9522.jpeg,Eosinophil,Eosinophil,0.655,1
_2_1612.jpeg,Eosinophil,Eosinophil,0.8823,1
_2_1728.jpeg,Eosinophil,Eosinophil,0.9678,1
_2_2047.jpeg,Eosinophil,Eosinophil,0.9655,1
_2_3408.jpeg,Eosinophil,Eosinophil,0.9646,1
_2_3438.jpeg,Eosinophil,Eosinophil,0.96,1
_2_3612.jpeg,Eosinophil,Eosinophil,0.9607,1
_2_4263.jpeg,Eosinophil,Eosinophil,0.7134,1
_2_5427.jpeg,Eosinophil,Eosinophil,0.9149,1
_2_579.jpeg,Eosinophil,Eosinophil,0.9543,1
_2_5848.jpeg,Eosinophil,Neutrophil,0.6011,0
_2_6619.jpeg,Eosinophil,Eosinophil,0.96,1
_2_7310.jpeg,Eosinophil,Eosinophil,0.7982,1
_2_7356.jpeg,Eosinophil,Eosinophil,0.9066,1
_2_7792.jpeg,Eosinophil,Neutrophil,0.7462,0
_2_7847.jpeg,Eosinophil,Eosinophil,0.9606,1
_2_7914.jpeg,Eosinophil,Eosinophil,0.9622,1
_2_8177.jpeg,Eosinophil,Eosinophil,0.7524,1
_2_8178.jpeg,Eosinophil,Eosinophil,0.9415,1
_2_8920.jpeg,Eosinophil,Eosinophil,0.7103,1
_2_9054.jpeg,Eosinophil,Eosinophil,0.6886,1
_2_9161.jpeg,Eosinophil,Eosinophil,0.7765,1
_2_9325.jpeg,Eosinophil,Eosinophil,0.9631,1
_2_9706.jpeg,Eosinophil,Eosinophil,0.9631,1
_2_9829.jpeg,Eosinophil,Eosinophil,0.8385,1
_2_9981.jpeg,Eosinophil,Neutrophil,0.9768,0
_3_1202.jpeg,Eosinophil,Eosinophil,0.9044,1
_3_1752.jpeg,Eosinophil,Eosinophil,0.967,1
_3_2531.jpeg,Eosinophil,Eosinophil,0.9535,1
_3_2654.jpeg,Eosinophil,Eosinophil,0.692,1
_3_2887.jpeg,Eosinophil,Eosinophil,0.9608,1
_3_3858.jpeg,Eosinophil,Eosinophil,0.8823,1
_3_4263.jpeg,Eosinophil,Eosinophil,0.9552,1
_3_482.jpeg,Eosinophil,Eosinophil,0.9472,1
_3_4964.jpeg,Eosinophil,Neutrophil,0.9342,0
_3_5495.jpeg,Eosinophil,Eosinophil,0.9716,1
_3_6030.jpeg,Eosinophil,Eosinophil,0.9521,1
_3_6274.jpeg,Eosinophil,Eosinophil,0.9746,1
_3_6422.jpeg,Eosinophil,Neutrophil,0.9613,0
_3_6618.jpeg,Eosinophil,Eosinophil,0.7534,1
_3_6919.jpeg,Eosinophil,Eosinophil,0.8888,1
_3_7064.jpeg,Eosinophil,Neutrophil,0.9787,0
_3_8600.jpeg,Eosinophil,Eosinophil,0.7079,1
_3_8987.jpeg,Eosinophil,Eosinophil,0.9617,1
_3_9140.jpeg,Eosinophil,Eosinophil,0.9759,1
_3_9276.jpeg,Eosinophil,Eosinophil,0.9686,1
_3_9885.jpeg,Eosinophil,Eosinophil,0.9745,1
_4_1001.jpeg,Eosinophil,Eosinophil,0.7935,1
_4_1249.jpeg,Eosinophil,Eosinophil,0.9519,1
_4_1361.jpeg,Eosinophil,Eosinophil,0.9395,1
_4_1439.jpeg,Eosinophil,Neutrophil,0.8664,0
_4_1767.jpeg,Eosinophil,Eosinophil,0.9778,1
_4_2404.jpeg,Eosinophil,Eosinophil,0.9723,1
_4_2434.jpeg,Eosinophil,Neutrophil,0.489,0
_4_2755.jpeg,Eosinophil,Neutrophil,0.4976,0
_4_3226.jpeg,Eosinophil,Eosinophil,0.9523,1
_4_3507.jpeg,Eosinophil,Eosinophil,0.9609,1
_4_3550.jpeg,Eosinophil,Eosinophil,0.7134,1
_4_408.jpeg,Eosinophil,Eosinophil,0.9429,1
_4_4634.jpeg,Eosinophil,Neutrophil,0.9757,0
_4_4865.jpeg,Eosinophil,Eosinophil,0.7743,1
_4_5262.jpeg,Eosinophil,Eosinophil,0.6554,1
_4_69.jpeg,Eosinophil,Eosinophil,0.4984,1
_4_7022.jpeg,Eosinophil,Eosinophil,0.9246,1
_4_7027.jpeg,Eosinophil,Eosinophil,0.9525,1
_4_7195.jpeg,Eosinophil,Eosinophil,0.6969,1
_4_7206.jpeg,Eosinophil,Neutrophil,0.9504,0
_4_7379.jpeg,Eosinophil,Eosinophil,0.9068,1
_4_7426.jpeg,Eosinophil,Eosinophil,0.9432,1
_4_9099.jpeg,Eosinophil,Eosinophil,0.9487,1
_4_9971.jpeg,Eosinophil,Neutrophil,0.9173,0
_5_2090.jpeg,Eosinophil,Neutrophil,0.7068,0
_5_2284.jpeg,Eosinophil,Eosinophil,0.8008,1
_5_2313.jpeg,Eosinophil,Neutrophil,0.9584,0
_5_2465.jpeg,Eosinophil,Eosinophil,0.9244,1
_5_2721.jpeg,Eosinophil,Eosinophil,0.7486,1
_5_2966.jpeg,Eosinophil,Eosinophil,0.9553,1
_5_3208.jpeg,Eosinophil,Eosinophil,0.9719,1
_5_3338.jpeg,Eosinophil,Eosinophil,0.9756,1
_5_3931.jpeg,Eosinophil,Eosinophil,0.9679,1
_5_4335.jpeg,Eosinophil,Eosinophil,0.9465,1
_5_5372.jpeg,Eosinophil,Eosinophil,0.9053,1
_5_5711.jpeg,Eosinophil,Eosinophil,0.9505,1
_5_6817.jpeg,Eosinophil,Eosinophil,0.753,1
_5_7586.jpeg,Eosinophil,Eosinophil,0.9414,1
_5_770.jpeg,Eosinophil,Eosinophil,0.9514,1
_5_7714.jpeg,Eosinophil,Eosinophil,0.8519,1
_5_8537.jpeg,Eosinophil,Eosinophil,0.9569,1
_5_8702.jpeg,Eosinophil,Eosinophil,0.9664,1
_5_912.jpeg,Eosinophil,Neutrophil,0.9754,0
_5_9420.jpeg,Eosinophil,Neutrophil,0.9651,0
_5_9809.jpeg,Eosinophil,Eosinophil,0.96,1
_6_174.jpeg,Eosinophil,Eosinophil,0.8147,1
_6_2161.jpeg,Eosinophil,Eosinophil,0.9551,1
_6_2524.jpeg,Eosinophil,Eosinophil,0.9574,1
_6_2609.jpeg,Eosinophil,Eosinophil,0.9245,1
_6_2787.jpeg,Eosinophil,Eosinophil,0.7961,1
_6_3140.jpeg,Eosinophil,Eosinophil,0.808,1
_6_3161.jpeg,Eosinophil,Eosinophil,0.9799,1
_6_3231.jpeg,Eosinophil,Eosinophil,0.8038,1
_6_4062.jpeg,Eosinophil,Eosinophil,0.9528,1
_6_4338.jpeg,Eosinophil,Neutrophil,0.6291,0
_6_5352.jpeg,Eosinophil,Eosinophil,0.9569,1
_6_5510.jpeg,Eosinophil,Eosinophil,0.9755,1
_6_6208.jpeg,Eosinophil,Eosinophil,0.9733,1
_6_6244.jpeg,Eosinophil,Neutrophil,0.9697,0
_6_6421.jpeg,Eosinophil,Eosinophil,0.9741,1
_6_8507.jpeg,Eosinophil,Eosinophil,0.9752,1
_6_869.jpeg,Eosinophil,Eosinophil,0.5469,1
_6_8706.jpeg,Eosinophil,Neutrophil,0.6434,0
_6_8893.jpeg,Eosinophil,Eosinophil,0.9325,1
_6_8922.jpeg,Eosinophil,Eosinophil,0.9539,1
_6_8929.jpeg,Eosinophil,Neutrophil,0.966,0
_6_896.jpeg,Eosinophil,Eosinophil,0.9347,1
_6_9084.jpeg,Eosinophil,Eosinophil,0.9475,1
_6_9135.jpeg,Eosinophil,Neutrophil,0.9681,0
_6_9392.jpeg,Eosinophil,Eosinophil,0.9519,1
_6_9405.jpeg,Eosinophil,Eosinophil,0.9706,1
_6_9529.jpeg,Eosinophil,Neutrophil,0.6938,0
_7_109.jpeg,Eosinophil,Eosinophil,0.9552,1
_7_1105.jpeg,Eosinophil,Neutrophil,0.7976,0
_7_1107.jpeg,Eosinophil,Eosinophil,0.9256,1
_7_1377.jpeg,Eosinophil,Neutrophil,0.9489,0
_7_2926.jpeg,Eosinophil,Eosinophil,0.9283,1
_7_3063.jpeg,Eosinophil,Eosinophil,0.9414,1
_7_3371.jpeg,Eosinophil,Eosinophil,0.8311,1
_7_3400.jpeg,Eosinophil,Eosinophil,0.9008,1
_7_4068.jpeg,Eosinophil,Neutrophil,0.7444,0
_7_4236.jpeg,Eosinophil,Eosinophil,0.7633,1
_7_4728.jpeg,Eosinophil,Eosinophil,0.6128,1
_7_4822.jpeg,Eosinophil,Eosinophil,0.959,1
_7_4876.jpeg,Eosinophil,Neutrophil,0.9506,0
_7_5399.jpeg,Eosinophil,Eosinophil,0.9356,1
_7_5679.jpeg,Eosinophil,Eosinophil,0.8788,1
_7_6125.jpeg,Eosinophil,Eosinophil,0.9566,1
_7_6454.jpeg,Eosinophil,Eosinophil,0.9655,1
_7_7168.jpeg,Eosinophil,Eosinophil,0.9674,1
_7_7620.jpeg,Eosinophil,Eosinophil,0.8727,1
_7_7718.jpeg,Eosinophil,Eosinophil,0.9572,1
_7_9769.jpeg,Eosinophil,Neutrophil,0.6905,0
_7_986.jpeg,Eosinophil,Eosinophil,0.7973,1
_7_9976.jpeg,Eosinophil,Eosinophil,0.9754,1
_8_1329.jpeg,Eosinophil,Eosinophil,0.6151,1
_8_3082.jpeg,Eosinophil,Eosinophil,0.924,1
_8_337.jpeg,Eosinophil,Eosinophil,0.9533,1
_8_3842.jpeg,Eosinophil,Neutrophil,0.9208,0
_8_4087.jpeg,Eosinophil,Eosinophil,0.9634,1
_8_4526.jpeg,Eosinophil,Eosinophil,0.9571,1
_8_4566.jpeg,Eosinophil,Eosinophil,0.9575,1
_8_4721.jpeg,Eosinophil,Eosinophil,0.9154,1
_8_4745.jpeg,Eosinophil,Eosinophil,0.6982,1
_8_5028.jpeg,Eosinophil,Neutrophil,0.7166,0
_8_5743.jpeg,Eosinophil,Neutrophil,0.9778,0
_8_6047.jpeg,Eosinophil,Eosinophil,0.9173,1
_8_6200.jpeg,Eosinophil,Neutrophil,0.972,0
_8_6700.jpeg,Eosinophil,Eosinophil,0.9469,1
_8_6861.jpeg,Eosinophil,Neutrophil,0.8091,0
_8_7260.jpeg,Eosinophil,Neutrophil,0.9647,0
_8_843.jpeg,Eosinophil,Eosinophil,0.6954,1
_8_8456.jpeg,Eosinophil,Eosinophil,0.9248,1
_8_8637.jpeg,Eosinophil,Eosinophil,0.9401,1
_8_875.jpeg,Eosinophil,Neutrophil,0.9601,0
_8_8885.jpeg,Eosinophil,Eosinophil,0.9507,1
_8_9040.jpeg,Eosinophil,Eosinophil,0.9623,1
_8_9194.jpeg,Eosinophil,Eosinophil,0.8799,1
_8_963.jpeg,Eosinophil,Neutrophil,0.8199,0
_9_1215.jpeg,Eosinophil,Eosinophil,0.9131,1
_9_1242.jpeg,Eosinophil,Eosinophil,0.9433,1
_9_1746.jpeg,Eosinophil,Eosinophil,0.9778,1
_9_1911.jpeg,Eosinophil,Eosinophil,0.9143,1
_9_2184.jpeg,Eosinophil,Neutrophil,0.9715,0
_9_2898.jpeg,Eosinophil,Eosinophil,0.9673,1
_9_3273.jpeg,Eosinophil,Eosinophil,0.611,1
_9_3688.jpeg,Eosinophil,Eosinophil,0.8553,1
_9_383.jpeg,Eosinophil,Eosinophil,0.5107,1
_9_3847.jpeg,Eosinophil,Neutrophil,0.7842,0
_9_4025.jpeg,Eosinophil,Eosinophil,0.8821,1
_9_4384.jpeg,Eosinophil,Eosinophil,0.754,1
_9_4854.jpeg,Eosinophil,Eosinophil,0.9449,1
_9_6116.jpeg,Eosinophil,Eosinophil,0.9147,1
_9_6686.jpeg,Eosinophil,Eosinophil,0.6879,1
_9_6803.jpeg,Eosinophil,Eosinophil,0.9343,1
_9_6932.jpeg,Eosinophil,Eosinophil,0.944,1
_9_7683.jpeg,Eosinophil,Eosinophil,0.6373,1
_9_782.jpeg,Eosinophil,Eosinophil,0.493,1
_9_8066.jpeg,Eosinophil,Eosinophil,0.6781,1
_9_8505.jpeg,Eosinophil,Eosinophil,0.9665,1
_9_8628.jpeg,Eosinophil,Eosinophil,0.9736,1
_9_920.jpeg,Eosinophil,Eosinophil,0.8166,1
_9_9656.jpeg,Eosinophil,Eosinophil,0.9666,1
_0_1248.jpeg,Lymphocyte,Lymphocyte,0.9368,1
_0_1740.jpeg,Lymphocyte,Lymphocyte,0.9494,1
_0_1854.jpeg,Lymphocyte,Lymphocyte,0.9135,1
_0_2295.jpeg,Lymphocyte,Lymphocyte,0.9361,1
_0_2599.jpeg,Lymphocyte,Lymphocyte,0.9508,1
_0_3015.jpeg,Lymphocyte,Lymphocyte,0.8697,1
_0_3107.jpeg,Lymphocyte,Lymphocyte,0.8891,1
_0_3206.jpeg,Lymphocyte,Lymphocyte,0.9065,1
_0_3271.jpeg,Lymphocyte,Lymphocyte,0.9515,1
_0_3329.jpeg,Lymphocyte,Lymphocyte,0.9332,1
_0_3577.jpeg,Lymphocyte,Lymphocyte,0.9296,1
_0_3977.jpeg,Lymphocyte,Lymphocyte,0.9351,1
_0_3988.jpeg,Lymphocyte,Lymphocyte,0.8259,1
_0_4161.jpeg,Lymphocyte,Lymphocyte,0.9105,1
_0_4279.jpeg,Lymphocyte,Lymphocyte,0.9076,1
_0_430.jpeg,Lymphocyte,Lymphocyte,0.9165,1
_0_4414.jpeg,Lymphocyte,Lymphocyte,0.9344,1
_0_4655.jpeg,Lymphocyte,Lymphocyte,0.9142,1
_0_4703.jpeg,Lymphocyte,Lymphocyte,0.925,1
_0_4740.jpeg,Lymphocyte,Lymphocyte,0.8334,1
_0_522.jpeg,Lymphocyte,Lymphocyte,0.8941,1
_0_5263.jpeg,Lymphocyte,Lymphocyte,0.8791,1
_0_529.jpeg,Lymphocyte,Lymphocyte,0.9293,1
_0_5398.jpeg,Lymphocyte,Lymphocyte,0.9515,1
_0_5427.jpeg,Lymphocyte,Lymphocyte,0.9357,1
_0_5486.jpeg,Lymphocyte,Lymphocyte,0.953,1
_0_582.jpeg,Lymphocyte,Lymphocyte,0.8933,1
_0_6209.jpeg,Lymphocyte,Lymphocyte,0.9001,1
_0_6416.jpeg,Lymphocyte,Lymphocyte,0.9076,1
_0_6589.jpeg,Lymphocyte,Lymphocyte,0.902,1
_0_687.jpeg,Lymphocyte,Lymphocyte,0.9289,1
_0_6954.jpeg,Lymphocyte,Lymphocyte,0.9281,1
_0_7238.jpeg,Lymphocyte,Lymphocyte,0.8687,1
_0_7320.jpeg,Lymphocyte,Lymphocyte,0.9594,1
_0_7630.jpeg,Lymphocyte,Lymphocyte,0.9255,1
_0_7946.jpeg,Lymphocyte,Lymphocyte,0.9133,1
_0_8019.jpeg,Lymphocyte,Lymphocyte,0.9295,1
_0_8379.jpeg,Lymphocyte,Lymphocyte,0.9544,1
_0_8625.jpeg,Lymphocyte,Lymphocyte,0.9132,1
_0_8753.jpeg,Lymphocyte,Lymphocyte,0.9313,1
_0_8842.jpeg,Lymphocyte,Lymphocyte,0.9206,1
_0_9029.jpeg,Lymphocyte,Lymphocyte,0.9467,1
_0_9051.jpeg,Lymphocyte,Lymphocyte,0.7987,1
_0_9163.jpeg,Lymphocyte,Lymphocyte,0.8416,1
_0_9317.jpeg,Lymphocyte,Lymphocyte,0.923,1
_0_9384.jpeg,Lymphocyte,Lymphocyte,0.8809,1
_0_9587.jpeg,Lymphocyte,Lymphocyte,0.9165,1
_0_9655.jpeg,Lymphocyte,Lymphocyte,0.9299,1
_0_9837.jpeg,Lymphocyte,Lymphocyte,0.8843,1
_1_1151.jpeg,Lymphocyte,Lymphocyte,0.9382,1
_1_1651.jpeg,Lymphocyte,Lymphocyte,0.939,1
_1_1708.jpeg,Lymphocyte,Lymphocyte,0.9102,1
_1_2109.jpeg,Lymphocyte,Lymphocyte,0.9107,1
_1_2250.jpeg,Lymphocyte,Lymphocyte,0.9413,1
_1_2434.jpeg,Lymphocyte,Lymphocyte,0.8717,1
_1_2584.jpeg,Lymphocyte,Lymphocyte,0.9492,1
_1_2697.jpeg,Lymphocyte,Lymphocyte,0.843,1
_1_276.jpeg,Lymphocyte,Lymphocyte,0.9301,1
_1_3103.jpeg,Lymphocyte,Lymphocyte,0.9271,1
_1_318.jpeg,Lymphocyte,Lymphocyte,0.9297,1
_1_331.jpeg,Lymphocyte,Lymphocyte,0.9102,1
_1_3357.jpeg,Lymphocyte,Lymphocyte,0.9319,1
_1_3429.jpeg,Lymphocyte,Lymphocyte,0.9145,1
_1_3475.jpeg,Lymphocyte,Lymphocyte,0.943,1
_1_3819.jpeg,Lymphocyte,Lymphocyte,0.9302,1
_1_385.jpeg,Lymphocyte,Lymphocyte,0.9409,1
_1_388.jpeg,Lymphocyte,Lymphocyte,0.9171,1
_1_4266.jpeg,Lymphocyte,Lymphocyte,0.8623,1
_1_4379.jpeg,Lymphocyte,Lymphocyte,0.9441,1
_1_4509.jpeg,Lymphocyte,Lymphocyte,0.8625,1
_1_4689.jpeg,Lymphocyte,Lymphocyte,0.9375,1
_1_52.jpeg,Lymphocyte,Lymphocyte,0.9486,1
_1_5562.jpeg,Lymphocyte,Lymphocyte,0.9126,1
_1_5667.jpeg,Lymphocyte,Lymphocyte,0.9473,1
_1_5668.jpeg,Lymphocyte,Lymphocyte,0.9161,1
_1_5677.jpeg,Lymphocyte,Lymphocyte,0.9368,1
_1_5682.jpeg,Lymphocyte,Lymphocyte,0.9146,1
_1_601.jpeg,Lymphocyte,Lymphocyte,0.9274,1
_1_6611.jpeg,Lymphocyte,Lymphocyte,0.9005,1
_1_6985.jpeg,Lymphocyte,Lymphocyte,0.8637,1
_1_7116.jpeg,Lymphocyte,Lymphocyte,0.8857,1
_1_7122.jpeg,Lymphocyte,Lymphocyte,0.9058,1
_1_7448.jpeg,Lymphocyte,Lymphocyte,0.9263,1
_1_7506.jpeg,Lymphocyte,Lymphocyte,0.9055,1
_1_7706.jpeg,Lymphocyte,Lymphocyte,0.8741,1
_1_7851.jpeg,Lymphocyte,Lymphocyte,0.924,1
_1_8006.jpeg,Lymphocyte,Lymphocyte,0.9467,1
_1_8015.jpeg,Lymphocyte,Lymphocyte,0.7387,1
_1_8248.jpeg,Lymphocyte,Lymphocyte,0.9446,1
_1_8267.jpeg,Lymphocyte,Lymphocyte,0.9569,1
_1_8483.jpeg,Lymphocyte,Lymphocyte,0.92,1
_1_8563.jpeg,Lymphocyte,Lymphocyte,0.9062,1
_1_8722.jpeg,Lymphocyte,Lymphocyte,0.9363,1
_1_8737.jpeg,Lymphocyte,Lymphocyte,0.7766,1
_1_8995.jpeg,Lymphocyte,Lymphocyte,0.9143,1
_1_9313.jpeg,Lymphocyte,Lymphocyte,0.9272,1
_1_9347.jpeg,Lymphocyte,Lymphocyte,0.8296,1
_1_9393.jpeg,Lymphocyte,Lymphocyte,0.9275,1
_1_945.jpeg,Lymphocyte,Lymphocyte,0.9306,1
_1_9972.jpeg,Lymphocyte,Lymphocyte,0.9495,1
_2_1088.jpeg,Lymphocyte,Lymphocyte,0.9368,1
_2_1640.jpeg,Lymphocyte,Lymphocyte,0.9115,1
_2_2327.jpeg,Lymphocyte,Lymphocyte,0.9188,1
_2_2398.jpeg,Lymphocyte,Lymphocyte,0.9418,1
_2_2506.jpeg,Lymphocyte,Lymphocyte,0.898,1
_2_2908.jpeg,Lymphocyte,Lymphocyte,0.8231,1
_2_2916.jpeg,Lymphocyte,Lymphocyte,0.8463,1
_2_3018.jpeg,Lymphocyte,Lymphocyte,0.9202,1
_2_3219.jpeg,Lymphocyte,Lymphocyte,0.9188,1
_2_3412.jpeg,Lymphocyte,Lymphocyte,0.9236,1
_2_3534.jpeg,Lymphocyte,Lymphocyte,0.9265,1
_2_357.jpeg,Lymphocyte,Lymphocyte,0.9242,1
_2_396.jpeg,Lymphocyte,Lymphocyte,0.9176,1
_2_4150.jpeg,Lymphocyte,Lymphocyte,0.8568,1
_2_4200.jpeg,Lymphocyte,Lymphocyte,0.9267,1
_2_4239.jpeg,Lymphocyte,Lymphocyte,0.9025,1
_2_4581.jpeg,Lymphocyte,Lymphocyte,0.9615,1
_2_4617.jpeg,Lymphocyte,Lymphocyte,0.9282,1
_2_4636.jpeg,Lymphocyte,Lymphocyte,0.9463,1
_2_4714.jpeg,Lymphocyte,Lymphocyte,0.7953,1
_2_4758.jpeg,Lymphocyte,Lymphocyte,0.9341,1
_2_4796.jpeg,Lymphocyte,Lymphocyte,0.9162,1
_2_5305.jpeg,Lymphocyte,Lymphocyte,0.9637,1
_2_5368.jpeg,Lymphocyte,Lymphocyte,0.9191,1
_2_5611.jpeg,Lymphocyte,Lymphocyte,0.918,1
_2_5865.jpeg,Lymphocyte,Lymphocyte,0.7824,1
_2_6055.jpeg,Lymphocyte,Lymphocyte,0.9415,1
_2_6823.jpeg,Lymphocyte,Lymphocyte,0.9117,1
_2_693.jpeg,Lymphocyte,Lymphocyte,0.9055,1
_2_6958.jpeg,Lymphocyte,Lymphocyte,0.9305,1
_2_6996.jpeg,Lymphocyte,Lymphocyte,0.9198,1
_2_704.jpeg,Lymphocyte,Lymphocyte,0.8893,1
_2_7079.jpeg,Lymphocyte,Lymphocyte,0.9014,1
_2_7087.jpeg,Lymphocyte,Lymphocyte,0.9404,1
_2_7265.jpeg,Lymphocyte,Lymphocyte,0.9267,1
_2_7277.jpeg,Lymphocyte,Lymphocyte,0.9114,1
_2_7639.jpeg,Lymphocyte,Lymphocyte,0.9144,1
_2_7696.jpeg,Lymphocyte,Lymphocyte,0.8958,1
_2_7853.jpeg,Lymphocyte,Lymphocyte,0.8936,1
_2_8166.jpeg,Lymphocyte,Lymphocyte,0.7433,1
_2_8225.jpeg,Lymphocyte,Lymphocyte,0.9073,1
_2_8426.jpeg,Lymphocyte,Lymphocyte,0.9093,1
_2_8440.jpeg,Lymphocyte,Lymphocyte,0.869,1
_2_8461.jpeg,Lymphocyte,Lymphocyte,0.9081,1
_2_8475.jpeg,Lymphocyte,Lymphocyte,0.948,1
_2_8512.jpeg,Lymphocyte,Lymphocyte,0.9318,1
_2_8580.jpeg,Lymphocyte,Lymphocyte,0.844,1
_2_8751.jpeg,Lymphocyte,Lymphocyte,0.9062,1
_2_8960.jpeg,Lymphocyte,Lymphocyte,0.7715,1
_2_9116.jpeg,Lymphocyte,Lymphocyte,0.8851,1
_2_9235.jpeg,Lymphocyte,Lymphocyte,0.9631,1
_2_9276.jpeg,Lymphocyte,Lymphocyte,0.8738,1
_2_9323.jpeg,Lymphocyte,Lymphocyte,0.8728,1
_2_9635.jpeg,Lymphocyte,Lymphocyte,0.9193,1
_2_9932.jpeg,Lymphocyte,Lymphocyte,0.9301,1
_2_9965.jpeg,Lymphocyte,Lymphocyte,0.9554,1
_3_1113.jpeg,Lymphocyte,Lymphocyte,0.8933,1
_3_1119.jpeg,Lymphocyte,Lymphocyte,0.9246,1
_3_1182.jpeg,Lymphocyte,Lymphocyte,0.9286,1
_3_1453.jpeg,Lymphocyte,Lymphocyte,0.7727,1
_3_1764.jpeg,Lymphocyte,Lymphocyte,0.8622,1
_3_1787.jpeg,Lymphocyte,Lymphocyte,0.923,1
_3_2033.jpeg,Lymphocyte,Lymphocyte,0.8557,1
_3_2344.jpeg,Lymphocyte,Lymphocyte,0.7875,1
_3_2937.jpeg,Lymphocyte,Lymphocyte,0.9158,1
_3_2972.jpeg,Lymphocyte,Lymphocyte,0.9289,1
_3_3012.jpeg,Lymphocyte,Lymphocyte,0.9055,1
_3_3189.jpeg,Lymphocyte,Lymphocyte,0.8689,1
_3_323.jpeg,Lymphocyte,Lymphocyte,0.9406,1
_3_338.jpeg,Lymphocyte,Lymphocyte,0.9431,1
_3_3839.jpeg,Lymphocyte,Lymphocyte,0.927,1
_3_4154.jpeg,Lymphocyte,Lymphocyte,0.9319,1
_3_4192.jpeg,Lymphocyte,Lymphocyte,0.9536,1
_3_4418.jpeg,Lymphocyte,Lymphocyte,0.9292,1
_3_4469.jpeg,Lymphocyte,Lymphocyte,0.9339,1
_3_452.jpeg,Lymphocyte,Lymphocyte,0.9132,1
_3_4636.jpeg,Lymphocyte,Lymphocyte,0.9087,1
_3_4744.jpeg,Lymphocyte,Lymphocyte,0.9368,1
_3_5426.jpeg,Lymphocyte,Lymphocyte,0.927,1
_3_5496.jpeg,Lymphocyte,Lymphocyte,0.8501,1
_3_554.jpeg,Lymphocyte,Lymphocyte,0.8441,1
_3_5629.jpeg,Lymphocyte,Lymphocyte,0.9356,1
_3_6227.jpeg,Lymphocyte,Lymphocyte,0.8964,1
_3_6560.jpeg,Lymphocyte,Lymphocyte,0.9277,1
_3_6583.jpeg,Lymphocyte,Lymphocyte,0.852,1
_3_6692.jpeg,Lymphocyte,Lymphocyte,0.929,1
_3_6697.jpeg,Lymphocyte,Lymphocyte,0.8167,1
_3_70.jpeg,Lymphocyte,Lymphocyte,0.9253,1
_3_7047.jpeg,Lymphocyte,Lymphocyte,0.9383,1
_3_7192.jpeg,Lymphocyte,Lymphocyte,0.8307,1
_3_7570.jpeg,Lymphocyte,Lymphocyte,0.9249,1
_3_760.jpeg,Lymphocyte,Lymphocyte,0.9204,1
_3_8104.jpeg,Lymphocyte,Lymphocyte,0.9344,1
_3_8414.jpeg,Lymphocyte,Lymphocyte,0.9187,1
_3_8419.jpeg,Lymphocyte,Lymphocyte,0.943,1
_3_8493.jpeg,Lymphocyte,Lymphocyte,0.9002,1
_3_8715.jpeg,Lymphocyte,Lymphocyte,0.9364,1
_3_9049.jpeg,Lymphocyte,Lymphocyte,0.915,1
_3_9155.jpeg,Lymphocyte,Lymphocyte,0.9214,1
_3_9170.jpeg,Lymphocyte,Lymphocyte,0.9162,1
_3_9396.jpeg,Lymphocyte,Lymphocyte,0.9268,1
_3_9532.jpeg,Lymphocyte,Lymphocyte,0.8428,1
_3_9705.jpeg,Lymphocyte,Lymphocyte,0.8955,1
_3_9785.jpeg,Lymphocyte,Lymphocyte,0.9152,1
_3_980.jpeg,Lymphocyte,Lymphocyte,0.9212,1
_3_9841.jpeg,Lymphocyte,Lymphocyte,0.7121,1
_3_9862.jpeg,Lymphocyte,Lymphocyte,0.9579,1
_3_9895.jpeg,Lymphocyte,Lymphocyte,0.9422,1
_3_9908.jpeg,Lymphocyte,Lymphocyte,0.9176,1
_3_9971.jpeg,Lymphocyte,Lymphocyte,0.9318,1
_4_1219.jpeg,Lymphocyte,Lymphocyte,0.824,1
_4_1239.jpeg,Lymphocyte,Lymphocyte,0.9103,1
_4_1649.jpeg,Lymphocyte,Lymphocyte,0.8252,1
_4_2036.jpeg,Lymphocyte,Lymphocyte,0.9457,1
_4_2210.jpeg,Lymphocyte,Lymphocyte,0.9178,1
_4_2380.jpeg,Lymphocyte,Lymphocyte,0.9433,1
_4_2541.jpeg,Lymphocyte,Lymphocyte,0.9409,1
_4_2564.jpeg,Lymphocyte,Lymphocyte,0.8802,1
_4_2607.jpeg,Lymphocyte,Lymphocyte,0.8568,1
_4_2762.jpeg,Lymphocyte,Lymphocyte,0.9279,1
_4_3770.jpeg,Lymphocyte,Lymphocyte,0.933,1
_4_4124.jpeg,Lymphocyte,Lymphocyte,0.8617,1
_4_4269.jpeg,Lymphocyte,Lymphocyte,0.9425,1
_4_4422.jpeg,Lymphocyte,Lymphocyte,0.8649,1
_4_4703.jpeg,Lymphocyte,Lymphocyte,0.9029,1
_4_4763.jpeg,Lymphocyte,Lymphocyte,0.9246,1
_4_5214.jpeg,Lymphocyte,Lymphocyte,0.8412,1
_4_5589.jpeg,Lymphocyte,Lymphocyte,0.9349,1
_4_5685.jpeg,Lymphocyte,Lymphocyte,0.9262,1
_4_5735.jpeg,Lymphocyte,Lymphocyte,0.9495,1
_4_5790.jpeg,Lymphocyte,Lymphocyte,0.9254,1
_4_5818.jpeg,Lymphocyte,Lymphocyte,0.8847,1
_4_63.jpeg,Lymphocyte,Lymphocyte,0.9369,1
_4_636.jpeg,Lymphocyte,Lymphocyte,0.8755,1
_4_6651.jpeg,Lymphocyte,Lymphocyte,0.9323,1
_4_6842.jpeg,Lymphocyte,Lymphocyte,0.8691,1
_4_7146.jpeg,Lymphocyte,Lymphocyte,0.8468,1
_4_750.jpeg,Lymphocyte,Lymphocyte,0.9351,1
_4_7574.jpeg,Lymphocyte,Lymphocyte,0.9431,1
_4_761.jpeg,Lymphocyte,Lymphocyte,0.9396,1
_4_7637.jpeg,Lymphocyte,Lymphocyte,0.9197,1
_4_7955.jpeg,Lymphocyte,Lymphocyte,0.9375,1
_4_7999.jpeg,Lymphocyte,Lymphocyte,0.956,1
_4_8149.jpeg,Lymphocyte,Lymphocyte,0.7971,1
_4_821.jpeg,Lymphocyte,Lymphocyte,0.9347,1
_4_8468.jpeg,Lymphocyte,Lymphocyte,0.9437,1
_4_8652.jpeg,Lymphocyte,Lymphocyte,0.8628,1
_4_8809.jpeg,Lymphocyte,Lymphocyte,0.9317,1
_4_8810.jpeg,Lymphocyte,Lymphocyte,0.7756,1
_4_8988.jpeg,Lymphocyte,Lymphocyte,0.9296,1
_4_9000.jpeg,Lymphocyte,Lymphocyte,0.8968,1
_4_9023.jpeg,Lymphocyte,Lymphocyte,0.8793,1
_4_918.jpeg,Lymphocyte,Lymphocyte,0.9183,1
_4_9345.jpeg,Lymphocyte,Lymphocyte,0.9257,1
_4_9351.jpeg,Lymphocyte,Lymphocyte,0.9364,1
_4_9471.jpeg,Lymphocyte,Lymphocyte,0.939,1
_4_9475.jpeg,Lymphocyte,Lymphocyte,0.944,1
_4_9618.jpeg,Lymphocyte,Lymphocyte,0.9417,1
_5_1029.jpeg,Lymphocyte,Lymphocyte,0.9439,1
_5_1139.jpeg,Lymphocyte,Lymphocyte,0.9297,1
_5_1427.jpeg,Lymphocyte,Lymphocyte,0.9046,1
_5_1501.jpeg,Lymphocyte,Lymphocyte,0.9316,1
_5_1737.jpeg,Lymphocyte,Lymphocyte,0.9243,1
_5_1758.jpeg,Lymphocyte,Lymphocyte,0.9048,1
_5_1763.jpeg,Lymphocyte,Lymphocyte,0.9492,1
_5_2171.jpeg,Lymphocyte,Lymphocyte,0.9469,1
_5_2244.jpeg,Lymphocyte,Lymphocyte,0.8397,1
_5_2333.jpeg,Lymphocyte,Lymphocyte,0.9226,1
_5_2438.jpeg,Lymphocyte,Lymphocyte,0.9237,1
_5_2500.jpeg,Lymphocyte,Lymphocyte,0.9418,1
_5_2708.jpeg,Lymphocyte,Lymphocyte,0.9379,1
_5_2746.jpeg,Lymphocyte,Lymphocyte,0.8456,1
_5_2802.jpeg,Lymphocyte,Lymphocyte,0.8743,1
_5_2929.jpeg,Lymphocyte,Lymphocyte,0.9236,1
_5_2987.jpeg,Lymphocyte,Lymphocyte,0.9163,1
_5_3197.jpeg,Lymphocyte,Lymphocyte,0.8804,1
_5_3205.jpeg,Lymphocyte,Lymphocyte,0.9589,1
_5_3219.jpeg,Lymphocyte,Lymphocyte,0.8998,1
_5_3239.jpeg,Lymphocyte,Lymphocyte,0.8358,1
_5_3327.jpeg,Lymphocyte,Lymphocyte,0.7963,1
_5_4105.jpeg,Lymphocyte,Lymphocyte,0.814,1
_5_4122.jpeg,Lymphocyte,Lymphocyte,0.9317,1
_5_4141.jpeg,Lymphocyte,Lymphocyte,0.9335,1
_5_4208.jpeg,Lymphocyte,Lymphocyte,0.9276,1
_5_4914.jpeg,Lymphocyte,Lymphocyte,0.7777,1
_5_5027.jpeg,Lymphocyte,Lymphocyte,0.9103,1
_5_5084.jpeg,Lymphocyte,Lymphocyte,0.8979,1
_5_5151.jpeg,Lymphocyte,Lymphocyte,0.9127,1
_5_5279.jpeg,Lymphocyte,Lymphocyte,0.9585,1
_5_5344.jpeg,Lymphocyte,Lymphocyte,0.9006,1
_5_5644.jpeg,Lymphocyte,Lymphocyte,0.8067,1
_5_5846.jpeg,Lymphocyte,Lymphocyte,0.9031,1
_5_5985.jpeg,Lymphocyte,Lymphocyte,0.9515,1
_5_6312.jpeg,Lymphocyte,Lymphocyte,0.8667,1
_5_6572.jpeg,Lymphocyte,Lymphocyte,0.9276,1
_5_6696.jpeg,Lymphocyte,Lymphocyte,0.8339,1
_5_7101.jpeg,Lymphocyte,Lymphocyte,0.8893,1
_5_7157.jpeg,Lymphocyte,Lymphocyte,0.837,1
_5_7193.jpeg,Lymphocyte,Lymphocyte,0.8847,1
_5_7340.jpeg,Lymphocyte,Lymphocyte,0.8385,1
_5_7515.jpeg,Lymphocyte,Lymphocyte,0.9357,1
_5_7617.jpeg,Lymphocyte,Lymphocyte,0.8907,1
_5_7634.jpeg,Lymphocyte,Lymphocyte,0.9206,1
_5_9201.jpeg,Lymphocyte,Lymphocyte,0.9456,1
_5_9321.jpeg,Lymphocyte,Lymphocyte,0.9232,1
_5_9361.jpeg,Lymphocyte,Lymphocyte,0.9273,1
_5_9665.jpeg,Lymphocyte,Lymphocyte,0.9318,1
_5_9755.jpeg,Lymphocyte,Lymphocyte,0.9048,1
_5_9974.jpeg,Lymphocyte,Lymphocyte,0.9545,1
_5_9993.jpeg,Lymphocyte,Lymphocyte,0.8915,1
_0_1381.jpeg,Monocyte,Monocyte,0.9683,1
_0_1383.jpeg,Monocyte,Monocyte,0.8034,1
_0_147.jpeg,Monocyte,Neutrophil,0.8951,0
_0_1526.jpeg,Monocyte,Neutrophil,0.857,0
_0_1559.jpeg,Monocyte,Monocyte,0.9743,1
_0_1663.jpeg,Monocyte,Neutrophil,0.8368,0
_0_1673.jpeg,Monocyte,Monocyte,0.7748,1
_0_1805.jpeg,Monocyte,Neutrophil,0.8388,0
_0_1958.jpeg,Monocyte,Monocyte,0.7943,1
_0_1972.jpeg,Monocyte,Monocyte,0.7957,1
_0_200.jpeg,Monocyte,Monocyte,0.9687,1
_0_2094.jpeg,Monocyte,Monocyte,0.9681,1
_0_2102.jpeg,Monocyte,Monocyte,0.9722,1
_0_2222.jpeg,Monocyte,Monocyte,0.9743,1
_0_224.jpeg,Monocyte,Monocyte,0.5722,1
_0_2276.jpeg,Monocyte,Neutrophil,0.9481,0
_0_2278.jpeg,Monocyte,Monocyte,0.9788,1
_0_2324.jpeg,Monocyte,Monocyte,0.8375,1
_0_2455.jpeg,Monocyte,Monocyte,0.6812,1
_0_2506.jpeg,Monocyte,Monocyte,0.9657,1
_0_257.jpeg,Monocyte,Monocyte,0.9731,1
_0_2900.jpeg,Monocyte,Monocyte,0.6458,1
_0_3049.jpeg,Monocyte,Monocyte,0.8372,1
_0_3102.jpeg,Monocyte,Monocyte,0.6376,1
_0_3339.jpeg,Monocyte,Monocyte,0.9786,1
_0_3366.jpeg,Monocyte,Monocyte,0.9645,1
_0_348.jpeg,Monocyte,Monocyte,0.6189,1
_0_3544.jpeg,Monocyte,Neutrophil,0.8947,0
_0_373.jpeg,Monocyte,Monocyte,0.9712,1
_0_4073.jpeg,Monocyte,Neutrophil,0.9135,0
_0_4212.jpeg,Monocyte,Monocyte,0.5893,1
_0_4480.jpeg,Monocyte,Monocyte,0.7094,1
_0_4632.jpeg,Monocyte,Monocyte,0.9685,1
_0_4942.jpeg,Monocyte,Neutrophil,0.9247,0
_0_5032.jpeg,Monocyte,Monocyte,0.7429,1
_0_5159.jpeg,Monocyte,Monocyte,0.9686,1
_0_5189.jpeg,Monocyte,Neutrophil,0.8947,0
_0_5196.jpeg,Monocyte,Neutrophil,0.8701,0
_0_531.jpeg,Monocyte,Monocyte,0.8329,1
_0_5372.jpeg,Monocyte,Monocyte,0.8126,1
_0_5569.jpeg,Monocyte,Neutrophil,0.9188,0
_0_5656.jpeg,Monocyte,Monocyte,0.9768,1
_0_5723.jpeg,Monocyte,Monocyte,0.7734,1
_0_5743.jpeg,Monocyte,Monocyte,0.5539,1
_0_5967.jpeg,Monocyte,Monocyte,0.969,1
_0_6039.jpeg,Monocyte,Monocyte,0.6669,1
_0_6130.jpeg,Monocyte,Neutrophil,0.8913,0
_0_6479.jpeg,Monocyte,Monocyte,0.9694,1
_0_651.jpeg,Monocyte,Monocyte,0.704,1
_0_6600.jpeg,Monocyte,Monocyte,0.9754,1
_0_668.jpeg,Monocyte,Neutrophil,0.8722,0
_0_6727.jpeg,Monocyte,Monocyte,0.9685,1
_0_6761.jpeg,Monocyte,Monocyte,0.9762,1
_0_7059.jpeg,Monocyte,Monocyte,0.6235,1
_0_7231.jpeg,Monocyte,Monocyte,0.7289,1
_0_7251.jpeg,Monocyte,Monocyte,0.5692,1
_0_7375.jpeg,Monocyte,Neutrophil,0.9063,0
_0_7427.jpeg,Monocyte,Neutrophil,0.8769,0
_0_7577.jpeg,Monocyte,Monocyte,0.9749,1
_0_7840.jpeg,Monocyte,Neutrophil,0.8753,0
_0_8005.jpeg,Monocyte,Neutrophil,0.9164,0
_0_8326.jpeg,Monocyte,Monocyte,0.5884,1
_0_8332.jpeg,Monocyte,Neutrophil,0.8994,0
_0_8342.jpeg,Monocyte,Monocyte,0.9638,1
_0_8495.jpeg,Monocyte,Monocyte,0.6324,1
_0_8566.jpeg,Monocyte,Neutrophil,0.9329,0
_0_8678.jpeg,Monocyte,Monocyte,0.965,1
_0_8941.jpeg,Monocyte,Monocyte,0.97,1
_0_8961.jpeg,Monocyte,Monocyte,0.773,1
_0_8981.jpeg,Monocyte,Monocyte,0.806,1
_0_900.jpeg,Monocyte,Monocyte,0.8005,1
_0_9170.jpeg,Monocyte,Neutrophil,0.9243,0
_0_9339.jpeg,Monocyte,Monocyte,0.9001,1
_0_9436.jpeg,Monocyte,Neutrophil,0.8912,0
_0_9550.jpeg,Monocyte,Monocyte,0.5912,1
_0_9609.jpeg,Monocyte,Neutrophil,0.8935,0
_0_9965.jpeg,Monocyte,Monocyte,0.7385,1
_1_1359.jpeg,Monocyte,Monocyte,0.9797,1
_1_1398.jpeg,Monocyte,Monocyte,0.7665,1
_1_1407.jpeg,Monocyte,Monocyte,0.7765,1
_1_1650.jpeg,Monocyte,Monocyte,0.5985,1
_1_1686.jpeg,Monocyte,Monocyte,0.7387,1
_1_1704.jpeg,Monocyte,Neutrophil,0.9,0
_1_1966.jpeg,Monocyte,Monocyte,0.7295,1
_1_2312.jpeg,Monocyte,Monocyte,0.7927,1
_1_2746.jpeg,Monocyte,Monocyte,0.706,1
_1_2838.jpeg,Monocyte,Monocyte,0.9795,1
_1_2843.jpeg,Monocyte,Neutrophil,0.9344,0
_1_2954.jpeg,Monocyte,Neutrophil,0.9041,0
_1_3147.jpeg,Monocyte,Neutrophil,0.885,0
_1_3280.jpeg,Monocyte,Neutrophil,0.8824,0
_1_3313.jpeg,Monocyte,Neutrophil,0.9104,0
_1_3694.jpeg,Monocyte,Neutrophil,0.9214,0
_1_3759.jpeg,Monocyte,Monocyte,0.7302,1
_1_4087.jpeg,Monocyte,Monocyte,0.6831,1
_1_409.jpeg,Monocyte,Monocyte,0.7134,1
_1_4134.jpeg,Monocyte,Monocyte,0.7574,1
_1_4183.jpeg,Monocyte,Monocyte,0.6397,1
_1_4221.jpeg,Monocyte,Monocyte,0.6556,1
_1_4441.jpeg,Monocyte,Monocyte,0.9763,1
_1_4642.jpeg,Monocyte,Monocyte,0.9798,1
_1_4808.jpeg,Monocyte,Monocyte,0.9801,1
_1_4923.jpeg,Monocyte,Neutrophil,0.9366,0
_1_4931.jpeg,Monocyte,Neutrophil,0.8732,0
_1_514.jpeg,Monocyte,Monocyte,0.9758,1
_1_5148.jpeg,Monocyte,Monocyte,0.8307,1
_1_5210.jpeg,Monocyte,Monocyte,0.969,1
_1_5232.jpeg,Monocyte,Monocyte,0.597,1
_1_5237.jpeg,Monocyte,Neutrophil,0.8524,0
_1_5374.jpeg,Monocyte,Monocyte,0.9619,1
_1_5377.jpeg,Monocyte,Monocyte,0.6223,1
_1_5596.jpeg,Monocyte,Neutrophil,0.9085,0
_1_5818.jpeg,Monocyte,Monocyte,0.6524,1
_1_6014.jpeg,Monocyte,Monocyte,0.7031,1
_1_6092.jpeg,Monocyte,Neutrophil,0.859,0
_1_6201.jpeg,Monocyte,Monocyte,0.7984,1
_1_6207.jpeg,Monocyte,Monocyte,0.593,1
_1_621.jpeg,Monocyte,Neutrophil,0.8884,0
_1_6263.jpeg,Monocyte,Monocyte,0.6835,1
_1_635.jpeg,Monocyte,Neutrophil,0.7988,0
_1_6377.jpeg,Monocyte,Monocyte,0.69,1
_1_6472.jpeg,Monocyte,Monocyte,0.9732,1
_1_6563.jpeg,Monocyte,Neutrophil,0.9021,0
_1_6571.jpeg,Monocyte,Neutrophil,0.8983,0
_1_664.jpeg,Monocyte,Monocyte,0.6791,1
_1_6659.jpeg,Monocyte,Monocyte,0.8207,1
_1_6719.jpeg,Monocyte,Monocyte,0.5738,1
_1_673.jpeg,Monocyte,Monocyte,0.7369,1
_1_6772.jpeg,Monocyte,Monocyte,0.6439,1
_1_6851.jpeg,Monocyte,Neutrophil,0.8761,0
_1_6857.jpeg,Monocyte,Monocyte,0.5461,1
_1_696.jpeg,Monocyte,Neutrophil,0.8977,0
_1_7277.jpeg,Monocyte,Neutrophil,0.9291,0
_1_7310.jpeg,Monocyte,Monocyte,0.5723,1
_1_7435.jpeg,Monocyte,Monocyte,0.6846,1
_1_8155.jpeg,Monocyte,Monocyte,0.8295,1
_1_8178.jpeg,Monocyte,Monocyte,0.9771,1
_1_8291.jpeg,Monocyte,Monocyte,0.6376,1
_1_8411.jpeg,Monocyte,Monocyte,0.7601,1
_1_8614.jpeg,Monocyte,Neutrophil,0.9122,0
_1_87.jpeg,Monocyte,Monocyte,0.6447,1
_1_8799.jpeg,Monocyte,Monocyte,0.8106,1
_1_8948.jpeg,Monocyte,Neutrophil,0.8935,0
_1_936.jpeg,Monocyte,Neutrophil,0.8953,0
_1_9489.jpeg,Monocyte,Monocyte,0.9635,1
_1_9703.jpeg,Monocyte,Monocyte,0.6837,1
_1_9774.jpeg,Monocyte,Monocyte,0.9742,1
_1_9852.jpeg,Monocyte,Monocyte,0.9665,1
_1_9898.jpeg,Monocyte,Monocyte,0.9717,1
_1_9905.jpeg,Monocyte,Monocyte,0.5289,1
_1_992.jpeg,Monocyte,Neutrophil,0.9213,0
_1_9935.jpeg,Monocyte,Monocyte,0.9694,1
_2_1286.jpeg,Monocyte,Neutrophil,0.9347,0
_2_1358.jpeg,Monocyte,Monocyte,0.6419,1
_2_1501.jpeg,Monocyte,Neutrophil,0.8962,0
_2_1536.jpeg,Monocyte,Monocyte,0.5889,1
_2_1632.jpeg,Monocyte,Monocyte,0.9754,1
_2_1819.jpeg,Monocyte,Monocyte,0.74,1
_2_1965.jpeg,Monocyte,Monocyte,0.9763,1
_2_2024.jpeg,Monocyte,Monocyte,0.9759,1
_2_2046.jpeg,Monocyte,Monocyte,0.4784,1
_2_2065.jpeg,Monocyte,Monocyte,0.7041,1
_2_2388.jpeg,Monocyte,Monocyte,0.9761,1
_2_2480.jpeg,Monocyte,Monocyte,0.8552,1
_2_2598.jpeg,Monocyte,Neutrophil,0.8715,0
_2_2893.jpeg,Monocyte,Monocyte,0.5983,1
_2_2928.jpeg,Monocyte,Monocyte,0.8476,1
_2_3100.jpeg,Monocyte,Monocyte,0.9767,1
_2_3115.jpeg,Monocyte,Monocyte,0.7281,1
_2_324.jpeg,Monocyte,Monocyte,0.8122,1
_2_3472.jpeg,Monocyte,Monocyte,0.9646,1
_2_3498.jpeg,Monocyte,Monocyte,0.9743,1
_2_3515.jpeg,Monocyte,Monocyte,0.9646,1
_2_3547.jpeg,Monocyte,Monocyte,0.9718,1
_2_3629.jpeg,Monocyte,Monocyte,0.6895,1
_2_3849.jpeg,Monocyte,Neutrophil,0.8439,0
_2_3910.jpeg,Monocyte,Neutrophil,0.8994,0
_2_3974.jpeg,Monocyte,Monocyte,0.6678,1
_2_3977.jpeg,Monocyte,Monocyte,0.5829,1
_2_4034.jpeg,Monocyte,Monocyte,0.8247,1
_2_4197.jpeg,Monocyte,Monocyte,0.7779,1
_2_4307.jpeg,Monocyte,Monocyte,0.6636,1
_2_4602.jpeg,Monocyte,Monocyte,0.6298,1
_2_4606.jpeg,Monocyte,Monocyte,0.7131,1
_2_4702.jpeg,Monocyte,Monocyte,0.9733,1
_2_4966.jpeg,Monocyte,Monocyte,0.5981,1
_2_498.jpeg,Monocyte,Neutrophil,0.8348,0
_2_5016.jpeg,Monocyte,Neutrophil,0.8755,0
_2_5713.jpeg,Monocyte,Monocyte,0.973,1
_2_5809.jpeg,Monocyte,Monocyte,0.8365,1
_2_5985.jpeg,Monocyte,Monocyte,0.714,1
_2_607.jpeg,Monocyte,Monocyte,0.6554,1
_2_6325.jpeg,Monocyte,Monocyte,0.9638,1
_2_6413.jpeg,Monocyte,Neutrophil,0.8486,0
_2_6521.jpeg,Monocyte,Monocyte,0.8408,1
_2_6536.jpeg,Monocyte,Monocyte,0.7614,1
_2_6807.jpeg,Monocyte,Neutrophil,0.9526,0
_2_6877.jpeg,Monocyte,Monocyte,0.9713,1
_2_7083.jpeg,Monocyte,Monocyte,0.9585,1
_2_7389.jpeg,Monocyte,Neutrophil,0.9222,0
_2_7494.jpeg,Monocyte,Monocyte,0.7221,1
_2_7569.jpeg,Monocyte,Neutrophil,0.9405,0
_2_7701.jpeg,Monocyte,Monocyte,0.7934,1
_2_7789.jpeg,Monocyte,Monocyte,0.7832,1
_2_779.jpeg,Monocyte,Monocyte,0.6184,1
_2_7942.jpeg,Monocyte,Monocyte,0.7252,1
_2_7994.jpeg,Monocyte,Neutrophil,0.9285,0
_2_7998.jpeg,Monocyte,Monocyte,0.7903,1
_2_8050.jpeg,Monocyte,Monocyte,0.8559,1
_2_8067.jpeg,Monocyte,Monocyte,0.9762,1
_2_8238.jpeg,Monocyte,Neutrophil,0.9392,0
_2_8307.jpeg,Monocyte,Monocyte,0.7194,1
_2_8310.jpeg,Monocyte,Monocyte,0.7892,1
_2_8454.jpeg,Monocyte,Monocyte,0.9575,1
_2_849.jpeg,Monocyte,Neutrophil,0.9123,0
_2_8613.jpeg,Monocyte,Monocyte,0.7396,1
_2_8868.jpeg,Monocyte,Monocyte,0.679,1
_2_8878.jpeg,Monocyte,Monocyte,0.6053,1
_2_8976.jpeg,Monocyte,Monocyte,0.585,1
_2_9069.jpeg,Monocyte,Monocyte,0.7975,1
_2_9135.jpeg,Monocyte,Monocyte,0.5622,1
_2_9262.jpeg,Monocyte,Monocyte,0.7065,1
_2_929.jpeg,Monocyte,Monocyte,0.6715,1
_2_9295.jpeg,Monocyte,Monocyte,0.9768,1
_2_962.jpeg,Monocyte,Monocyte,0.971,1
_2_9914.jpeg,Monocyte,Monocyte,0.9611,1
_2_9919.jpeg,Monocyte,Neutrophil,0.8846,0
_2_9991.jpeg,Monocyte,Monocyte,0.9739,1
_2_9998.jpeg,Monocyte,Monocyte,0.7118,1
_3_101.jpeg,Monocyte,Neutrophil,0.8362,0
_3_1037.jpeg,Monocyte,Neutrophil,0.9175,0
_3_1068.jpeg,Monocyte,Monocyte,0.5558,1
_3_1271.jpeg,Monocyte,Neutrophil,0.9275,0
_3_1428.jpeg,Monocyte,Monocyte,0.6239,1
_3_1492.jpeg,Monocyte,Monocyte,0.7941,1
_3_1570.jpeg,Monocyte,Neutrophil,0.9399,0
_3_1645.jpeg,Monocyte,Monocyte,0.4986,1
_3_1735.jpeg,Monocyte,Monocyte,0.658,1
_3_1807.jpeg,Monocyte,Monocyte,0.83,1
_3_1855.jpeg,Monocyte,Monocyte,0.6154,1
_3_1871.jpeg,Monocyte,Monocyte,0.7044,1
_3_1955.jpeg,Monocyte,Neutrophil,0.8482,0
_3_1965.jpeg,Monocyte,Monocyte,0.9639,1
_3_2156.jpeg,Monocyte,Monocyte,0.7002,1
_3_2174.jpeg,Monocyte,Monocyte,0.7889,1
_3_2198.jpeg,Monocyte,Monocyte,0.6753,1
_3_2541.jpeg,Monocyte,Monocyte,0.976,1
_3_2678.jpeg,Monocyte,Neutrophil,0.8823,0
_3_2823.jpeg,Monocyte,Monocyte,0.6682,1
_3_2866.jpeg,Monocyte,Monocyte,0.9796,1
_3_2897.jpeg,Monocyte,Monocyte,0.8157,1
_3_3122.jpeg,Monocyte,Monocyte,0.6768,1
_3_3193.jpeg,Monocyte,Monocyte,0.5817,1
_3_3235.jpeg,Monocyte,Neutrophil,0.9091,0
_3_3352.jpeg,Monocyte,Monocyte,0.6187,1
_3_3414.jpeg,Monocyte,Monocyte,0.727,1
_3_3484.jpeg,Monocyte,Monocyte,0.6665,1
_3_3533.jpeg,Monocyte,Monocyte,0.9673,1
_3_3659.jpeg,Monocyte,Monocyte,0.8186,1
_3_376.jpeg,Monocyte,Neutrophil,0.9093,0
_3_3796.jpeg,Monocyte,Monocyte,0.6606,1
_3_384.jpeg,Monocyte,Neutrophil,0.9337,0
_3_3888.jpeg,Monocyte,Monocyte,0.9752,1
_3_40.jpeg,Monocyte,Monocyte,0.7547,1
_3_4576.jpeg,Monocyte,Monocyte,0.8535,1
_3_4667.jpeg,Monocyte,Monocyte,0.7768,1
_3_4960.jpeg,Monocyte,Monocyte,0.9662,1
_3_5125.jpeg,Monocyte,Monocyte,0.8644,1
_3_5177.jpeg,Monocyte,Monocyte,0.9597,1
_3_5179.jpeg,Monocyte,Monocyte,0.6357,1
_3_5379.jpeg,Monocyte,Monocyte,0.9742,1
_3_5433.jpeg,Monocyte,Monocyte,0.6888,1
_3_5665.jpeg,Monocyte,Monocyte,0.7101,1
_3_5830.jpeg,Monocyte,Monocyte,0.5811,1
_3_5945.jpeg,Monocyte,Monocyte,0.765,1
_3_5958.jpeg,Monocyte,Monocyte,0.7723,1
_3_6216.jpeg,Monocyte,Monocyte,0.9776,1
_3_6313.jpeg,Monocyte,Neutrophil,0.9207,0
_3_6619.jpeg,Monocyte,Monocyte,0.6142,1
_3_6632.jpeg,Monocyte,Monocyte,0.9728,1
_3_6738.jpeg,Monocyte,Monocyte,0.7348,1
_3_7071.jpeg,Monocyte,Monocyte,0.7097,1
_3_7108.jpeg,Monocyte,Monocyte,0.737,1
_3_7609.jpeg,Monocyte,Neutrophil,0.7476,0
_3_7678.jpeg,Monocyte,Monocyte,0.9747,1
_3_7788.jpeg,Monocyte,Neutrophil,0.9313,0
_3_7797.jpeg,Monocyte,Monocyte,0.9787,1
_3_7866.jpeg,Monocyte,Neutrophil,0.9144,0
_3_7913.jpeg,Monocyte,Monocyte,0.654,1
_3_7996.jpeg,Monocyte,Monocyte,0.6426,1
_3_8.jpeg,Monocyte,Monocyte,0.7007,1
_3_8023.jpeg,Monocyte,Monocyte,0.8638,1
_3_82.jpeg,Monocyte,Monocyte,0.9751,1
_3_8323.jpeg,Monocyte,Monocyte,0.7566,1
_3_8590.jpeg,Monocyte,Monocyte,0.7358,1
_3_8644.jpeg,Monocyte,Monocyte,0.975,1
_3_8660.jpeg,Monocyte,Neutrophil,0.9275,0
_3_8718.jpeg,Monocyte,Monocyte,0.9667,1
_3_8734.jpeg,Monocyte,Neutrophil,0.8935,0
_3_8870.jpeg,Monocyte,Monocyte,0.7294,1
_3_893.jpeg,Monocyte,Neutrophil,0.8796,0
_3_8958.jpeg,Monocyte,Monocyte,0.7583,1
_3_8990.jpeg,Monocyte,Monocyte,0.6446,1
_3_9012.jpeg,Monocyte,Monocyte,0.7053,1
_3_9151.jpeg,Monocyte,Neutrophil,0.8542,0
_3_9331.jpeg,Monocyte,Monocyte,0.9695,1
_3_9351.jpeg,Monocyte,Monocyte,0.7821,1
_3_9423.jpeg,Monocyte,Neutrophil,0.8548,0
_3_980.jpeg,Monocyte,Monocyte,0.7725,1
_3_994.jpeg,Monocyte,Monocyte,0.7394,1
_0_1469.jpeg,Neutrophil,Neutrophil,0.9613,1
_0_208.jpeg,Neutrophil,Neutrophil,0.9691,1
_0_4354.jpeg,Neutrophil,Eosinophil,0.8802,0
_0_6431.jpeg,Neutrophil,Neutrophil,0.9694,1
_0_6711.jpeg,Neutrophil,Neutrophil,0.9717,1
_0_7022.jpeg,Neutrophil,Neutrophil,0.8653,1
_0_898.jpeg,Neutrophil,Neutrophil,0.9723,1
_0_9976.jpeg,Neutrophil,Neutrophil,0.9667,1
_10_1245.jpeg,Neutrophil,Neutrophil,0.9755,1
_10_1381.jpeg,Neutrophil,Neutrophil,0.9618,1
_10_633.jpeg,Neutrophil,Neutrophil,0.666,1
_10_7860.jpeg,Neutrophil,Neutrophil,0.9681,1
_11_1762.jpeg,Neutrophil,Neutrophil,0.9687,1
_11_1893.jpeg,Neutrophil,Neutrophil,0.9716,1
_11_3599.jpeg,Neutrophil,Neutrophil,0.9581,1
_11_5647.jpeg,Neutrophil,Neutrophil,0.9716,1
_11_6636.jpeg,Neutrophil,Neutrophil,0.9641,1
_11_8605.jpeg,Neutrophil,Neutrophil,0.9674,1
_12_0.jpeg,Neutrophil,Neutrophil,0.8958,1
_12_3802.jpeg,Neutrophil,Neutrophil,0.9739,1
_12_3942.jpeg,Neutrophil,Neutrophil,0.647,1
_12_4394.jpeg,Neutrophil,Neutrophil,0.9719,1
_12_5413.jpeg,Neutrophil,Neutrophil,0.5938,1
_12_8711.jpeg,Neutrophil,Neutrophil,0.9635,1
_13_1803.jpeg,Neutrophil,Neutrophil,0.9858,1
_13_2814.jpeg,Neutrophil,Neutrophil,0.9517,1
_13_3271.jpeg,Neutrophil,Neutrophil,0.955,1
_13_3505.jpeg,Neutrophil,Neutrophil,0.9739,1
_13_3538.jpeg,Neutrophil,Neutrophil,0.9747,1
_13_6397.jpeg,Neutrophil,Neutrophil,0.9748,1
_13_9263.jpeg,Neutrophil,Neutrophil,0.9341,1
_13_9558.jpeg,Neutrophil,Neutrophil,0.9689,1
_14_1995.jpeg,Neutrophil,Neutrophil,0.9721,1
_14_2192.jpeg,Neutrophil,Neutrophil,0.8275,1
_14_2888.jpeg,Neutrophil,Neutrophil,0.9724,1
_14_3469.jpeg,Neutrophil,Neutrophil,0.9567,1
_14_3481.jpeg,Neutrophil,Neutrophil,0.9255,1
_14_6287.jpeg,Neutrophil,Neutrophil,0.94,1
_14_6680.jpeg,Neutrophil,Neutrophil,0.974,1
_14_7967.jpeg,Neutrophil,Neutrophil,0.9619,1
_14_8330.jpeg,Neutrophil,Neutrophil,0.9387,1
_15_1163.jpeg,Neutrophil,Neutrophil,0.9627,1
_15_143.jpeg,Neutrophil,Neutrophil,0.9628,1
_15_434.jpeg,Neutrophil,Neutrophil,0.9758,1
_15_5763.jpeg,Neutrophil,Neutrophil,0.9671,1
_15_618.jpeg,Neutrophil,Neutrophil,0.8971,1
_15_6973.jpeg,Neutrophil,Neutrophil,0.9751,1
_15_9327.jpeg,Neutrophil,Eosinophil,0.6978,0
_16_3455.jpeg,Neutrophil,Neutrophil,0.9732,1
_16_3493.jpeg,Neutrophil,Neutrophil,0.483,1
_16_4544.jpeg,Neutrophil,Neutrophil,0.9717,1
_16_8828.jpeg,Neutrophil,Neutrophil,0.9255,1
_16_940.jpeg,Neutrophil,Neutrophil,0.978,1
_17_1148.jpeg,Neutrophil,Neutrophil,0.9809,1
_17_1497.jpeg,Neutrophil,Neutrophil,0.9705,1
_17_6440.jpeg,Neutrophil,Neutrophil,0.9684,1
_17_8007.jpeg,Neutrophil,Neutrophil,0.9642,1
_17_8045.jpeg,Neutrophil,Neutrophil,0.9111,1
_17_8298.jpeg,Neutrophil,Neutrophil,0.5453,1
_17_8718.jpeg,Neutrophil,Neutrophil,0.9501,1
_18_1037.jpeg,Neutrophil,Neutrophil,0.8696,1
_18_171.jpeg,Neutrophil,Neutrophil,0.9665,1
_18_1836.jpeg,Neutrophil,Neutrophil,0.9577,1
_18_4038.jpeg,Neutrophil,Neutrophil,0.9438,1
_18_5481.jpeg,Neutrophil,Neutrophil,0.9731,1
_19_2832.jpeg,Neutrophil,Neutrophil,0.9737,1
_19_306.jpeg,Neutrophil,Neutrophil,0.871,1
_19_3640.jpeg,Neutrophil,Eosinophil,0.4994,0
_19_4380.jpeg,Neutrophil,Neutrophil,0.9382,1
_19_7457.jpeg,Neutrophil,Neutrophil,0.9448,1
_1_1874.jpeg,Neutrophil,Neutrophil,0.8285,1
_1_2609.jpeg,Neutrophil,Neutrophil,0.9677,1
_1_6343.jpeg,Neutrophil,Neutrophil,0.9559,1
_1_7429.jpeg,Neutrophil,Neutrophil,0.9744,1
_1_8011.jpeg,Neutrophil,Neutrophil,0.974,1
_20_166.jpeg,Neutrophil,Neutrophil,0.9735,1
_20_2603.jpeg,Neutrophil,Neutrophil,0.9665,1
_20_5388.jpeg,Neutrophil,Neutrophil,0.9749,1
_20_6584.jpeg,Neutrophil,Neutrophil,0.9665,1
_20_7077.jpeg,Neutrophil,Neutrophil,0.9707,1
_20_9505.jpeg,Neutrophil,Eosinophil,0.7792,0
_21_1449.jpeg,Neutrophil,Neutrophil,0.6788,1
_21_1628.jpeg,Neutrophil,Neutrophil,0.9548,1
_21_4704.jpeg,Neutrophil,Neutrophil,0.9477,1
_21_5693.jpeg,Neutrophil,Neutrophil,0.9541,1
_21_6043.jpeg,Neutrophil,Neutrophil,0.9342,1
_21_7950.jpeg,Neutrophil,Neutrophil,0.9735,1
_21_8903.jpeg,Neutrophil,Neutrophil,0.9668,1
_22_2589.jpeg,Neutrophil,Neutrophil,0.9599,1
_22_2745.jpeg,Neutrophil,Neutrophil,0.9577,1
_22_2839.jpeg,Neutrophil,Neutrophil,0.9631,1
_22_3089.jpeg,Neutrophil,Neutrophil,0.9255,1
_22_3168.jpeg,Neutrophil,Neutrophil,0.9667,1
_22_3356.jpeg,Neutrophil,Neutrophil,0.9672,1
_22_4284.jpeg,Neutrophil,Neutrophil,0.9711,1
_22_5209.jpeg,Neutrophil,Neutrophil,0.9681,1
_23_119.jpeg,Neutrophil,Neutrophil,0.962,1
_23_1986.jpeg,Neutrophil,Neutrophil,0.9741,1
_23_3458.jpeg,Neutrophil,Neutrophil,0.9169,1
_23_8298.jpeg,Neutrophil,Neutrophil,0.9667,1
_23_911.jpeg,Neutrophil,Neutrophil,0.9477,1
_24_2419.jpeg,Neutrophil,Neutrophil,0.7967,1
_24_2478.jpeg,Neutrophil,Neutrophil,0.9824,1
_24_5003.jpeg,Neutrophil,Neutrophil,0.9368,1
_24_5062.jpeg,Neutrophil,Neutrophil,0.9615,1
_24_5286.jpeg,Neutrophil,Eosinophil,0.5146,0
_24_5788.jpeg,Neutrophil,Neutrophil,0.9846,1
_24_6172.jpeg,Neutrophil,Neutrophil,0.9781,1
_24_6550.jpeg,Neutrophil,Neutrophil,0.9457,1
_25_1898.jpeg,Neutrophil,Neutrophil,0.9764,1
_25_2438.jpeg,Neutrophil,Neutrophil,0.9757,1
_25_3761.jpeg,Neutrophil,Neutrophil,0.9642,1
_25_6645.jpeg,Neutrophil,Neutrophil,0.911,1
_25_7263.jpeg,Neutrophil,Eosinophil,0.7766,0
_26_2519.jpeg,Neutrophil,Neutrophil,0.9664,1
_26_3218.jpeg,Neutrophil,Neutrophil,0.9794,1
_26_5553.jpeg,Neutrophil,Neutrophil,0.9692,1
_26_5731.jpeg,Neutrophil,Neutrophil,0.9187,1
_26_5882.jpeg,Neutrophil,Neutrophil,0.973,1
_26_6082.jpeg,Neutrophil,Neutrophil,0.9743,1
_26_9234.jpeg,Neutrophil,Eosinophil,0.9564,0
_27_4445.jpeg,Neutrophil,Neutrophil,0.9722,1
_27_5089.jpeg,Neutrophil,Neutrophil,0.9763,1
_27_5250.jpeg,Neutrophil,Neutrophil,0.9788,1
_27_5282.jpeg,Neutrophil,Neutrophil,0.9686,1
_27_6065.jpeg,Neutrophil,Eosinophil,0.5825,0
_28_1746.jpeg,Neutrophil,Neutrophil,0.6067,1
_28_2085.jpeg,Neutrophil,Neutrophil,0.9672,1
_28_4019.jpeg,Neutrophil,Neutrophil,0.9738,1
_28_6937.jpeg,Neutrophil,Neutrophil,0.9628,1
_28_8307.jpeg,Neutrophil,Neutrophil,0.9735,1
_28_8896.jpeg,Neutrophil,Neutrophil,0.9212,1
_28_9357.jpeg,Neutrophil,Neutrophil,0.9369,1
_28_9400.jpeg,Neutrophil,Neutrophil,0.9711,1
_28_9699.jpeg,Neutrophil,Neutrophil,0.9477,1
_29_1043.jpeg,Neutrophil,Neutrophil,0.9645,1
_29_2574.jpeg,Neutrophil,Neutrophil,0.9086,1
_29_3727.jpeg,Neutrophil,Neutrophil,0.9721,1
_29_4139.jpeg,Neutrophil,Eosinophil,0.8439,0
_29_5366.jpeg,Neutrophil,Neutrophil,0.8725,1
_29_7285.jpeg,Neutrophil,Eosinophil,0.7782,0
_29_8380.jpeg,Neutrophil,Neutrophil,0.962,1
_29_8588.jpeg,Neutrophil,Neutrophil,0.9442,1
_29_8866.jpeg,Neutrophil,Neutrophil,0.9659,1
_2_1222.jpeg,Neutrophil,Neutrophil,0.9618,1
_2_2168.jpeg,Neutrophil,Neutrophil,0.9745,1
_2_4882.jpeg,Neutrophil,Neutrophil,0.9728,1
_2_5579.jpeg,Neutrophil,Neutrophil,0.9242,1
_2_5637.jpeg,Neutrophil,Neutrophil,0.971,1
_30_1519.jpeg,Neutrophil,Neutrophil,0.9169,1
_30_3942.jpeg,Neutrophil,Neutrophil,0.9379,1
_30_4474.jpeg,Neutrophil,Neutrophil,0.8768,1
_30_5726.jpeg,Neutrophil,Neutrophil,0.913,1
_30_7134.jpeg,Neutrophil,Neutrophil,0.7533,1
_30_8204.jpeg,Neutrophil,Neutrophil,0.9588,1
_30_9221.jpeg,Neutrophil,Neutrophil,0.9532,1
_31_3636.jpeg,Neutrophil,Neutrophil,0.9781,1
_31_5298.jpeg,Neutrophil,Neutrophil,0.9671,1
_31_73.jpeg,Neutrophil,Neutrophil,0.9262,1
_31_773.jpeg,Neutrophil,Neutrophil,0.9869,1
_31_9818.jpeg,Neutrophil,Neutrophil,0.967,1
_32_5745.jpeg,Neutrophil,Eosinophil,0.9613,0
_32_7931.jpeg,Neutrophil,Neutrophil,0.9411,1
_32_8002.jpeg,Neutrophil,Eosinophil,0.7391,0
_32_956.jpeg,Neutrophil,Neutrophil,0.9792,1
_33_3754.jpeg,Neutrophil,Neutrophil,0.9766,1
_33_4862.jpeg,Neutrophil,Neutrophil,0.9755,1
_33_5784.jpeg,Neutrophil,Neutrophil,0.9196,1
_33_6906.jpeg,Neutrophil,Neutrophil,0.966,1
_33_9198.jpeg,Neutrophil,Neutrophil,0.9511,1
_33_9910.jpeg,Neutrophil,Neutrophil,0.972,1
_34_223.jpeg,Neutrophil,Neutrophil,0.9519,1
_34_3019.jpeg,Neutrophil,Neutrophil,0.9837,1
_34_3363.jpeg,Neutrophil,Neutrophil,0.8903,1
_34_5161.jpeg,Neutrophil,Neutrophil,0.9704,1
_34_6214.jpeg,Neutrophil,Neutrophil,0.9712,1
_35_2142.jpeg,Neutrophil,Neutrophil,0.9521,1
_35_2187.jpeg,Neutrophil,Neutrophil,0.9636,1
_35_2923.jpeg,Neutrophil,Neutrophil,0.9489,1
_35_6137.jpeg,Neutrophil,Neutrophil,0.9758,1
_35_9734.jpeg,Neutrophil,Neutrophil,0.7274,1
_36_1236.jpeg,Neutrophil,Neutrophil,0.9667,1
_36_2783.jpeg,Neutrophil,Neutrophil,0.961,1
_36_5176.jpeg,Neutrophil,Neutrophil,0.6978,1
_36_8246.jpeg,Neutrophil,Eosinophil,0.9758,0
_36_9768.jpeg,Neutrophil,Eosinophil,0.8012,0
_37_1308.jpeg,Neutrophil,Neutrophil,0.9758,1
_37_1394.jpeg,Neutrophil,Neutrophil,0.9548,1
_37_1581.jpeg,Neutrophil,Neutrophil,0.8971,1
_37_6904.jpeg,Neutrophil,Eosinophil,0.9211,0
_37_9835.jpeg,Neutrophil,Neutrophil,0.9702,1
_37_9944.jpeg,Neutrophil,Neutrophil,0.9685,1
_38_2591.jpeg,Neutrophil,Neutrophil,0.8349,1
_38_2616.jpeg,Neutrophil,Eosinophil,0.7191,0
_38_352.jpeg,Neutrophil,Neutrophil,0.9874,1
_38_3922.jpeg,Neutrophil,Neutrophil,0.9771,1
_38_4920.jpeg,Neutrophil,Neutrophil,0.9565,1
_38_6125.jpeg,Neutrophil,Neutrophil,0.8922,1
_38_6898.jpeg,Neutrophil,Neutrophil,0.7427,1
_38_908.jpeg,Neutrophil,Neutrophil,0.9688,1
_38_9771.jpeg,Neutrophil,Neutrophil,0.9675,1
_39_1221.jpeg,Neutrophil,Neutrophil,0.9644,1
_39_1315.jpeg,Neutrophil,Neutrophil,0.9503,1
_39_3200.jpeg,Neutrophil,Neutrophil,0.9716,1
_39_3337.jpeg,Neutrophil,Neutrophil,0.978,1
_39_9461.jpeg,Neutrophil,Neutrophil,0.9567,1
_3_1778.jpeg,Neutrophil,Eosinophil,0.7871,0
_3_4720.jpeg,Neutrophil,Neutrophil,0.9779,1
_3_473.jpeg,Neutrophil,Neutrophil,0.9772,1
_40_1921.jpeg,Neutrophil,Neutrophil,0.8212,1
_40_5198.jpeg,Neutrophil,Neutrophil,0.9783,1
_40_5968.jpeg,Neutrophil,Neutrophil,0.9631,1
_40_7007.jpeg,Neutrophil,Neutrophil,0.9417,1
_40_9127.jpeg,Neutrophil,Neutrophil,0.9749,1
_40_9160.jpeg,Neutrophil,Neutrophil,0.9635,1
_41_1183.jpeg,Neutrophil,Neutrophil,0.972,1
_41_1458.jpeg,Neutrophil,Neutrophil,0.9681,1
_41_3037.jpeg,Neutrophil,Neutrophil,0.9611,1
_41_5379.jpeg,Neutrophil,Neutrophil,0.9407,1
_41_6455.jpeg,Neutrophil,Eosinophil,0.783,0
_41_692.jpeg,Neutrophil,Neutrophil,0.9661,1
_41_8131.jpeg,Neutrophil,Neutrophil,0.9215,1
_41_8232.jpeg,Neutrophil,Neutrophil,0.9702,1
_41_8500.jpeg,Neutrophil,Neutrophil,0.9596,1
_41_9994.jpeg,Neutrophil,Neutrophil,0.8736,1
_42_1589.jpeg,Neutrophil,Neutrophil,0.9658,1
_42_1758.jpeg,Neutrophil,Neutrophil,0.9563,1
_42_287.jpeg,Neutrophil,Neutrophil,0.9501,1
_42_3135.jpeg,Neutrophil,Neutrophil,0.9789,1
_42_3210.jpeg,Neutrophil,Neutrophil,0.9375,1
_42_3271.jpeg,Neutrophil,Neutrophil,0.9748,1
_42_779.jpeg,Neutrophil,Neutrophil,0.975,1
_42_9683.jpeg,Neutrophil,Neutrophil,0.9696,1
_43_2872.jpeg,Neutrophil,Neutrophil,0.9713,1
_43_4238.jpeg,Neutrophil,Neutrophil,0.9745,1
_43_5615.jpeg,Neutrophil,Neutrophil,0.9585,1
_43_7015.jpeg,Neutrophil,Neutrophil,0.9493,1
_43_7387.jpeg,Neutrophil,Neutrophil,0.9707,1
_44_1057.jpeg,Neutrophil,Eosinophil,0.6103,0
_44_4777.jpeg,Neutrophil,Neutrophil,0.9767,1
_44_4938.jpeg,Neutrophil,Neutrophil,0.9666,1
_44_5827.jpeg,Neutrophil,Neutrophil,0.8881,1
_44_8334.jpeg,Neutrophil,Eosinophil,0.7499,0
_45_2291.jpeg,Neutrophil,Neutrophil,0.9743,1
_45_2804.jpeg,Neutrophil,Neutrophil,0.959,1
_45_4113.jpeg,Neutrophil,Neutrophil,0.9108,1
_45_5005.jpeg,Neutrophil,Neutrophil,0.8685,1
_45_8275.jpeg,Neutrophil,Neutrophil,0.9719,1
_45_8831.jpeg,Neutrophil,Eosinophil,0.9553,0
_45_9698.jpeg,Neutrophil,Neutrophil,0.9748,1
_46_110.jpeg,Neutrophil,Neutrophil,0.9786,1
_46_1902.jpeg,Neutrophil,Neutrophil,0.9712,1
_46_203.jpeg,Neutrophil,Neutrophil,0.9364,1
_46_2202.jpeg,Neutrophil,Neutrophil,0.9487,1
_46_32.jpeg,Neutrophil,Neutrophil,0.9612,1
_46_4182.jpeg,Neutrophil,Neutrophil,0.9421,1
_46_5552.jpeg,Neutrophil,Neutrophil,0.5043,1
_46_6780.jpeg,Neutrophil,Neutrophil,0.9479,1
_47_240.jpeg,Neutrophil,Neutrophil,0.962,1
_47_2648.jpeg,Neutrophil,Neutrophil,0.9703,1
_47_2700.jpeg,Neutrophil,Neutrophil,0.9803,1
_47_4794.jpeg,Neutrophil,Neutrophil,0.9611,1
_47_4975.jpeg,Neutrophil,Neutrophil,0.9644,1
_47_5343.jpeg,Neutrophil,Neutrophil,0.9687,1
_47_6257.jpeg,Neutrophil,Neutrophil,0.9696,1
_47_7500.jpeg,Neutrophil,Neutrophil,0.9838,1
_47_793.jpeg,Neutrophil,Neutrophil,0.9703,1
_4_1720.jpeg,Neutrophil,Neutrophil,0.9737,1
_4_294.jpeg,Neutrophil,Neutrophil,0.9703,1
_4_3015.jpeg,Neutrophil,Neutrophil,0.9306,1
_4_3597.jpeg,Neutrophil,Neutrophil,0.8831,1
_4_3721.jpeg,Neutrophil,Neutrophil,0.9785,1
_4_6476.jpeg,Neutrophil,Neutrophil,0.9481,1
_4_7938.jpeg,Neutrophil,Neutrophil,0.9588,1
_4_8655.jpeg,Neutrophil,Neutrophil,0.9385,1
_4_9483.jpeg,Neutrophil,Neutrophil,0.9685,1
_5_2681.jpeg,Neutrophil,Eosinophil,0.8929,0
_5_3253.jpeg,Neutrophil,Neutrophil,0.8098,1
_5_3600.jpeg,Neutrophil,Neutrophil,0.8822,1
_5_4036.jpeg,Neutrophil,Neutrophil,0.9748,1
_5_8607.jpeg,Neutrophil,Neutrophil,0.9733,1
_5_8802.jpeg,Neutrophil,Neutrophil,0.9639,1
_6_3100.jpeg,Neutrophil,Neutrophil,0.7962,1
_6_4478.jpeg,Neutrophil,Neutrophil,0.9058,1
_6_6591.jpeg,Neutrophil,Neutrophil,0.956,1
_6_7063.jpeg,Neutrophil,Neutrophil,0.9499,1
_6_7794.jpeg,Neutrophil,Neutrophil,0.9756,1
_6_9548.jpeg,Neutrophil,Neutrophil,0.9635,1
_7_2063.jpeg,Neutrophil,Neutrophil,0.952,1
_7_228.jpeg,Neutrophil,Neutrophil,0.9677,1
_7_4187.jpeg,Neutrophil,Neutrophil,0.9687,1
_7_4334.jpeg,Neutrophil,Neutrophil,0.965,1
_7_5760.jpeg,Neutrophil,Eosinophil,0.9695,0
_7_679.jpeg,Neutrophil,Neutrophil,0.9642,1
_7_6860.jpeg,Neutrophil,Neutrophil,0.9862,1
_7_7719.jpeg,Neutrophil,Neutrophil,0.9726,1
_7_8662.jpeg,Neutrophil,Neutrophil,0.9705,1
_7_9265.jpeg,Neutrophil,Neutrophil,0.9726,1
_8_1197.jpeg,Neutrophil,Neutrophil,0.9725,1
_8_2208.jpeg,Neutrophil,Neutrophil,0.9734,1
_8_311.jpeg,Neutrophil,Neutrophil,0.9655,1
_8_5061.jpeg,Neutrophil,Eosinophil,0.7994,0
_8_5558.jpeg,Neutrophil,Neutrophil,0.9704,1
_8_6314.jpeg,Neutrophil,Neutrophil,0.9525,1
_8_9281.jpeg,Neutrophil,Neutrophil,0.9688,1
_8_9488.jpeg,Neutrophil,Neutrophil,0.9718,1
_9_3126.jpeg,Neutrophil,Neutrophil,0.9581,1
_9_4168.jpeg,Neutrophil,Neutrophil,0.9656,1
_9_5549.jpeg,Neutrophil,Neutrophil,0.9102,1
_9_6750.jpeg,Neutrophil,Neutrophil,0.8338,1
_9_6796.jpeg,Neutrophil,Neutrophil,0.858,1
_9_9821.jpeg,Neutrophil,Neutrophil,0.9738,1
